<?xml version="1.0" encoding="UTF-8"?>
<project-private xmlns="http://www.netbeans.org/ns/project-private/1">
    <editor-bookmarks xmlns="http://www.netbeans.org/ns/editor-bookmarks/2" lastBookmarkId="0"/>
    <open-files xmlns="http://www.netbeans.org/ns/projectui-open-files/2">
        <group>
            <file>file:/home/zerokullneo/github/netbeans/PCTR/hoja3/src/hoja3/E31.java</file>
            <file>file:/home/zerokullneo/github/netbeans/PCTR/hoja3/src/hoja3/intMonteCarloParalelo.java</file>
            <file>file:/home/zerokullneo/github/netbeans/PCTR/hoja3/src/hoja3/HolaMundo.java</file>
            <file>file:/home/zerokullneo/github/netbeans/PCTR/hoja3/src/hoja3/ParImpar.java</file>
            <file>file:/home/zerokullneo/github/netbeans/PCTR/hoja3/src/hoja3/UsaParImpar.java</file>
            <file>file:/home/zerokullneo/github/netbeans/PCTR/hoja3/src/hoja3/aCelularParalelo.java</file>
            <file>file:/home/zerokullneo/github/netbeans/PCTR/hoja3/src/hoja3/Hoja3.java</file>
        </group>
    </open-files>
</project-private>
