<?xml version="1.0" encoding="UTF-8"?>
<project-private xmlns="http://www.netbeans.org/ns/project-private/1">
    <editor-bookmarks xmlns="http://www.netbeans.org/ns/editor-bookmarks/2" lastBookmarkId="0"/>
    <open-files xmlns="http://www.netbeans.org/ns/projectui-open-files/2">
        <group>
            <file>file:/home/zerokullneo/github/netbeans/PCTR/hoja6/src/hoja6/incremento.java</file>
            <file>file:/home/zerokullneo/github/netbeans/PCTR/hoja6/src/hoja6/ProyectosArquitectura.java</file>
            <file>file:/home/zerokullneo/github/netbeans/PCTR/hoja6/src/hoja6/Hoja6.java</file>
            <file>file:/home/zerokullneo/github/netbeans/PCTR/hoja6/src/hoja6/prodConControlado.java</file>
            <file>file:/home/zerokullneo/github/netbeans/PCTR/hoja6/src/hoja6/Convento.java</file>
        </group>
    </open-files>
</project-private>
