<?xml version="1.0" encoding="UTF-8"?>
<project-private xmlns="http://www.netbeans.org/ns/project-private/1">
    <editor-bookmarks xmlns="http://www.netbeans.org/ns/editor-bookmarks/2" lastBookmarkId="0"/>
    <open-files xmlns="http://www.netbeans.org/ns/projectui-open-files/2">
        <group>
            <file>file:/home/zerokullneo/github/netbeans/PCTR/hoja5/src/hoja5/S1.java</file>
            <file>file:/home/zerokullneo/github/netbeans/PCTR/hoja5/src/hoja5/S2.java</file>
        </group>
    </open-files>
</project-private>
