<?xml version="1.0" encoding="UTF-8"?>
<project-private xmlns="http://www.netbeans.org/ns/project-private/1">
    <editor-bookmarks xmlns="http://www.netbeans.org/ns/editor-bookmarks/2" lastBookmarkId="0"/>
    <open-files xmlns="http://www.netbeans.org/ns/projectui-open-files/2">
        <group>
            <file>file:/home/zerokullneo/github/netbeans/hoja8/src/hoja8/Hoja8.java</file>
            <file>file:/home/zerokullneo/github/netbeans/hoja8/src/hoja8/Filosofo.java</file>
            <file>file:/home/zerokullneo/github/netbeans/hoja8/src/hoja8/cocidoMadrileño.java</file>
        </group>
    </open-files>
</project-private>
